{
  "token": "1673485604:AAHHwK3mfal0ITHT9V50OAMoSBnG2ER4da0",
  "weather_key": "9f254c735ad3417791385f3af65f8f75",
  "weather_api": "https://api.weatherbit.io/v2.0",
  "states": {
    "382946221": "city_state"
  },
  "cities": [
    {
      "0": "Оренбург"
    },
    {
      "1": "Москва"
    },
    {
      "2": "Владивосток"
    },
    {
      "3": "Самара"
    }
  ],
  "history_weather": {
    "сегодня": {
      "2021-03-21": [
        "Снег с дождем",
        "Небольшой снег",
        "Небольшой снег",
        "Небольшой снег"
      ],
      "2021-03-22": [
        "Небольшой снег",
        "Небольшой снег"
      ]
    },
    "Москва": {
      "2021-03-28": [
        "Облачно"
      ],
      "2021-03-24": [
        "Преимущественно ясно"
      ],
      "2021-03-23": [
        "Снег с дождем"
      ]
    },
    "завтра": {
      "2021-03-23": [
        "Снег с дождем"
      ]
    },
    "На": {
      "2021-03-22": [
        "Небольшой снег",
        "Небольшой снег",
        "Снег с дождем",
        "Облачно с прояснениями",
        "Небольшой снег",
        "Небольшой снег"
      ],
      "2021-03-23": [
        "Небольшой снег",
        "Снег с дождем",
        "Снег с дождем",
        "Облачно",
        "Облачно",
        "Снег с дождем"
      ]
    },
    "Оренбург": {
      "2021-03-22": [
        "Небольшой снег"
      ]
    }
  },
  "city_weather": {
    "city": {
      "data": [
        {
          "moonrise_ts": 1616392023,
          "wind_cdir": "ЮЗ",
          "rh": 94,
          "pres": 999.6875,
          "high_temp": -1.3,
          "sunset_ts": 1616423820,
          "ozone": 430.1771,
          "moon_phase": 0.636905,
          "wind_gust_spd": 7.4140625,
          "snow_depth": 210,
          "clouds": 78,
          "ts": 1616353260,
          "sunrise_ts": 1616379604,
          "app_min_temp": -15.4,
          "wind_spd": 3.089073,
          "pop": 45,
          "wind_cdir_full": "Юго-Западный",
          "slp": 1014.4375,
          "moon_phase_lunation": 0.29,
          "valid_date": "2021-03-22",
          "app_max_temp": -6.5,
          "vis": 11.788187,
          "dewpt": -6.1,
          "snow": 2.25,
          "uv": 1.4947127,
          "weather": {
            "icon": "s01d",
            "code": 600,
            "description": "Небольшой снег"
          },
          "wind_dir": 214,
          "max_dhi": null,
          "clouds_hi": 4,
          "precip": 0.3125,
          "low_temp": -8.9,
          "max_temp": -1.3,
          "moonset_ts": 1616371497,
          "datetime": "2021-03-22",
          "temp": -5,
          "min_temp": -8.4,
          "clouds_mid": 49,
          "clouds_low": 76
        },
        {
          "moonrise_ts": 1616481161,
          "wind_cdir": "Ю",
          "rh": 94,
          "pres": 1002.3125,
          "high_temp": 0,
          "sunset_ts": 1616510324,
          "ozone": 389.58334,
          "moon_phase": 0.636905,
          "wind_gust_spd": 7.5195312,
          "snow_depth": 213,
          "clouds": 73,
          "ts": 1616439660,
          "sunrise_ts": 1616465865,
          "app_min_temp": -16,
          "wind_spd": 3.371194,
          "pop": 50,
          "wind_cdir_full": "Южный",
          "slp": 1016.8125,
          "moon_phase_lunation": 0.32,
          "valid_date": "2021-03-23",
          "app_max_temp": -4.9,
          "vis": 21.30362,
          "dewpt": -5.5,
          "snow": 3,
          "uv": 1.6954833,
          "weather": {
            "icon": "s01d",
            "code": 600,
            "description": "Небольшой снег"
          },
          "wind_dir": 185,
          "max_dhi": null,
          "clouds_hi": 59,
          "precip": 0.3125,
          "low_temp": -7.7,
          "max_temp": 0,
          "moonset_ts": 1616457897,
          "datetime": "2021-03-23",
          "temp": -4.5,
          "min_temp": -8.9,
          "clouds_mid": 43,
          "clouds_low": 26
        },
        {
          "moonrise_ts": 1616571040,
          "wind_cdir": "ВЮВ",
          "rh": 96,
          "pres": 1001.6458,
          "high_temp": 0.1,
          "sunset_ts": 1616596827,
          "ozone": 386.6146,
          "moon_phase": 0.734901,
          "wind_gust_spd": 7.8085938,
          "snow_depth": 271.5,
          "clouds": 98,
          "ts": 1616526060,
          "sunrise_ts": 1616552126,
          "app_min_temp": -10.7,
          "wind_spd": 3.376065,
          "pop": 95,
          "wind_cdir_full": "Восточный-Юго-Восточный",
          "slp": 1016.0625,
          "moon_phase_lunation": 0.36,
          "valid_date": "2021-03-24",
          "app_max_temp": -4.8,
          "vis": 13.45044,
          "dewpt": -2.4,
          "snow": 58.5,
          "uv": 1.328673,
          "weather": {
            "icon": "s02d",
            "code": 601,
            "description": "Снег"
          },
          "wind_dir": 106,
          "max_dhi": null,
          "clouds_hi": 89,
          "precip": 5.125,
          "low_temp": -6.9,
          "max_temp": 0.1,
          "moonset_ts": 1616546786,
          "datetime": "2021-03-24",
          "temp": -1.9,
          "min_temp": -4.7,
          "clouds_mid": 50,
          "clouds_low": 54
        },
        {
          "moonrise_ts": 1616661604,
          "wind_cdir": "ВСВ",
          "rh": 85,
          "pres": 997.5417,
          "high_temp": 1,
          "sunset_ts": 1616683330,
          "ozone": 370.5729,
          "moon_phase": 0.824793,
          "wind_gust_spd": 15.0234375,
          "snow_depth": 271.5,
          "clouds": 82,
          "ts": 1616612460,
          "sunrise_ts": 1616638387,
          "app_min_temp": -13.8,
          "wind_spd": 5.529634,
          "pop": 0,
          "wind_cdir_full": "Восточный-Северо-Восточный",
          "slp": 1011.6875,
          "moon_phase_lunation": 0.39,
          "valid_date": "2021-03-25",
          "app_max_temp": -3.6,
          "vis": 24.128,
          "dewpt": -5.3,
          "snow": 0,
          "uv": 2.2678652,
          "weather": {
            "icon": "c04d",
            "code": 804,
            "description": "Облачно"
          },
          "wind_dir": 65,
          "max_dhi": null,
          "clouds_hi": 82,
          "precip": 0,
          "low_temp": -7.1,
          "max_temp": 1.2,
          "moonset_ts": 1616635138,
          "datetime": "2021-03-25",
          "temp": -2.9,
          "min_temp": -7.2,
          "clouds_mid": 1,
          "clouds_low": 0
        },
        {
          "moonrise_ts": 1616752673,
          "wind_cdir": "СВ",
          "rh": 88,
          "pres": 992.8333,
          "high_temp": 0.8,
          "sunset_ts": 1616769833,
          "ozone": 382.125,
          "moon_phase": 0.901225,
          "wind_gust_spd": 12.125,
          "snow_depth": 271.5,
          "clouds": 98,
          "ts": 1616698860,
          "sunrise_ts": 1616724648,
          "app_min_temp": -11,
          "wind_spd": 5.056518,
          "pop": 0,
          "wind_cdir_full": "Северо-Восточный",
          "slp": 1006.9583,
          "moon_phase_lunation": 0.42,
          "valid_date": "2021-03-26",
          "app_max_temp": -4,
          "vis": 23.034834,
          "dewpt": -3.9,
          "snow": 0,
          "uv": 1.3747916,
          "weather": {
            "icon": "c04d",
            "code": 804,
            "description": "Облачно"
          },
          "wind_dir": 38,
          "max_dhi": null,
          "clouds_hi": 92,
          "precip": 0,
          "low_temp": -4.8,
          "max_temp": 0.8,
          "moonset_ts": 1616723079,
          "datetime": "2021-03-26",
          "temp": -2.1,
          "min_temp": -4.9,
          "clouds_mid": 78,
          "clouds_low": 1
        },
        {
          "moonrise_ts": 1616844037,
          "wind_cdir": "Ю",
          "rh": 95,
          "pres": 999.6875,
          "high_temp": -0.1,
          "sunset_ts": 1616856336,
          "ozone": 382.875,
          "moon_phase": 0.958586,
          "wind_gust_spd": 5.8203125,
          "snow_depth": 272.3,
          "clouds": 59,
          "ts": 1616785260,
          "sunrise_ts": 1616810909,
          "app_min_temp": -9.3,
          "wind_spd": 1.6968899,
          "pop": 20,
          "wind_cdir_full": "Южный",
          "slp": 1014.0625,
          "moon_phase_lunation": 0.46,
          "valid_date": "2021-03-27",
          "app_max_temp": -4.9,
          "vis": 19.499313,
          "dewpt": -2.3,
          "snow": 0.75,
          "uv": 4.14228,
          "weather": {
            "icon": "s01d",
            "code": 600,
            "description": "Небольшой снег"
          },
          "wind_dir": 181,
          "max_dhi": null,
          "clouds_hi": 17,
          "precip": 0.0625,
          "low_temp": -5.4,
          "max_temp": 0.1,
          "moonset_ts": 1616810746,
          "datetime": "2021-03-27",
          "temp": -1.6,
          "min_temp": -4.2,
          "clouds_mid": 4,
          "clouds_low": 59
        },
        {
          "moonrise_ts": 1616935549,
          "wind_cdir": "ССЗ",
          "rh": 88,
          "pres": 1007.3125,
          "high_temp": -0.8,
          "sunset_ts": 1616942839,
          "ozone": 401.53125,
          "moon_phase": 0.991732,
          "wind_gust_spd": 9.1953125,
          "snow_depth": 275.3,
          "clouds": 92,
          "ts": 1616871660,
          "sunrise_ts": 1616897170,
          "app_min_temp": -11.6,
          "wind_spd": 3.7120543,
          "pop": 50,
          "wind_cdir_full": "Северо-Северо-Западный",
          "slp": 1021.625,
          "moon_phase_lunation": 0.49,
          "valid_date": "2021-03-28",
          "app_max_temp": -5,
          "vis": 19.494595,
          "dewpt": -4,
          "snow": 3,
          "uv": 1.7130833,
          "weather": {
            "icon": "s04d",
            "code": 610,
            "description": "Снег с дождем"
          },
          "wind_dir": 331,
          "max_dhi": null,
          "clouds_hi": 9,
          "precip": 0.5,
          "low_temp": -6.1,
          "max_temp": -0.1,
          "moonset_ts": 1616898254,
          "datetime": "2021-03-28",
          "temp": -2.3,
          "min_temp": -5.5,
          "clouds_mid": 14,
          "clouds_low": 85
        },
        {
          "moonrise_ts": 1617027145,
          "wind_cdir": "ЗЮЗ",
          "rh": 89,
          "pres": 1011.75,
          "high_temp": 0.8,
          "sunset_ts": 1617029341,
          "ozone": 377.84375,
          "moon_phase": 0.996888,
          "wind_gust_spd": 11.015625,
          "snow_depth": 279.8,
          "clouds": 58,
          "ts": 1616958060,
          "sunrise_ts": 1616983431,
          "app_min_temp": -12.6,
          "wind_spd": 3.7029572,
          "pop": 55,
          "wind_cdir_full": "Западный-Юго-Западный",
          "slp": 1026.25,
          "moon_phase_lunation": 0.52,
          "valid_date": "2021-03-29",
          "app_max_temp": -5.9,
          "vis": 14.858,
          "dewpt": -5.1,
          "snow": 4.5,
          "uv": 2.0057287,
          "weather": {
            "icon": "s01d",
            "code": 600,
            "description": "Небольшой снег"
          },
          "wind_dir": 250,
          "max_dhi": null,
          "clouds_hi": 8,
          "precip": 0.375,
          "low_temp": -3.6,
          "max_temp": -0.5,
          "moonset_ts": 1616985702,
          "datetime": "2021-03-29",
          "temp": -3.4,
          "min_temp": -6.5,
          "clouds_mid": 10,
          "clouds_low": 58
        },
        {
          "moonrise_ts": 1617118817,
          "wind_cdir": "ЮЮЗ",
          "rh": 96,
          "pres": 1004.6875,
          "high_temp": -5.8,
          "sunset_ts": 1617115844,
          "ozone": 383.8125,
          "moon_phase": 0.972478,
          "wind_gust_spd": 12.1171875,
          "snow_depth": 309.8,
          "clouds": 100,
          "ts": 1617044460,
          "sunrise_ts": 1617069692,
          "app_min_temp": -12.2,
          "wind_spd": 4.281274,
          "pop": 90,
          "wind_cdir_full": "Юго-Юго-Западный",
          "slp": 1019,
          "moon_phase_lunation": 0.56,
          "valid_date": "2021-03-30",
          "app_max_temp": -3.9,
          "vis": 1.9363965,
          "dewpt": -2.3,
          "snow": 30,
          "uv": 1.4395196,
          "weather": {
            "icon": "s01d",
            "code": 600,
            "description": "Небольшой снег"
          },
          "wind_dir": 205,
          "max_dhi": null,
          "clouds_hi": 39,
          "precip": 2.75,
          "low_temp": -9,
          "max_temp": 1,
          "moonset_ts": 1617073182,
          "datetime": "2021-03-30",
          "temp": -1.7,
          "min_temp": -6.6,
          "clouds_mid": 62,
          "clouds_low": 99
        },
        {
          "moonrise_ts": 1617210568,
          "wind_cdir": "В",
          "rh": 94,
          "pres": 1010.25,
          "high_temp": -2.9,
          "sunset_ts": 1617202347,
          "ozone": 390.125,
          "moon_phase": 0.919583,
          "wind_gust_spd": 16.3125,
          "snow_depth": 522,
          "clouds": 100,
          "ts": 1617130860,
          "sunrise_ts": 1617155953,
          "app_min_temp": -16.3,
          "wind_spd": 8.399821,
          "pop": 100,
          "wind_cdir_full": "Восточный",
          "slp": 1024.5,
          "moon_phase_lunation": 0.59,
          "valid_date": "2021-03-31",
          "app_max_temp": -13,
          "vis": 0.13825,
          "dewpt": -9.3,
          "snow": 212.25,
          "uv": 1.4567368,
          "weather": {
            "icon": "s03d",
            "code": 602,
            "description": "Снегопад"
          },
          "wind_dir": 82,
          "max_dhi": null,
          "clouds_hi": 87,
          "precip": 17.6875,
          "low_temp": -12.8,
          "max_temp": -5.9,
          "moonset_ts": 1617160797,
          "datetime": "2021-03-31",
          "temp": -8.1,
          "min_temp": -10.6,
          "clouds_mid": 97,
          "clouds_low": 100
        },
        {
          "moonrise_ts": 1617302357,
          "wind_cdir": "В",
          "rh": 88,
          "pres": 1024.5,
          "high_temp": -1.6,
          "sunset_ts": 1617288849,
          "ozone": 420.875,
          "moon_phase": 0.841859,
          "wind_gust_spd": 14.5234375,
          "snow_depth": 548.3,
          "clouds": 90,
          "ts": 1617217260,
          "sunrise_ts": 1617242215,
          "app_min_temp": -20.9,
          "wind_spd": 7.518616,
          "pop": 90,
          "wind_cdir_full": "Восточный",
          "slp": 1039,
          "moon_phase_lunation": 0.63,
          "valid_date": "2021-04-01",
          "app_max_temp": -17,
          "vis": 12.161563,
          "dewpt": -13.6,
          "snow": 26.25,
          "uv": 1.053398,
          "weather": {
            "icon": "s01d",
            "code": 600,
            "description": "Небольшой снег"
          },
          "wind_dir": 101,
          "max_dhi": null,
          "clouds_hi": 57,
          "precip": 2.1875,
          "low_temp": -1.9,
          "max_temp": -6.9,
          "moonset_ts": 1617248676,
          "datetime": "2021-04-01",
          "temp": -11.2,
          "min_temp": -16.9,
          "clouds_mid": 42,
          "clouds_low": 50
        },
        {
          "moonrise_ts": 1617307634,
          "wind_cdir": "В",
          "rh": 80,
          "pres": 1021.75,
          "high_temp": -2.2,
          "sunset_ts": 1617375352,
          "ozone": 398.5,
          "moon_phase": 0.744933,
          "wind_gust_spd": 15.1171875,
          "snow_depth": 548.3,
          "clouds": 89,
          "ts": 1617303660,
          "sunrise_ts": 1617328477,
          "app_min_temp": -19.4,
          "wind_spd": 6.5217233,
          "pop": 0,
          "wind_cdir_full": "Восточный",
          "slp": 1036.5,
          "moon_phase_lunation": 0.66,
          "valid_date": "2021-04-02",
          "app_max_temp": -18.4,
          "vis": 24.128,
          "dewpt": -14.6,
          "snow": 0,
          "uv": 1.6044682,
          "weather": {
            "icon": "c04d",
            "code": 804,
            "description": "Облачно"
          },
          "wind_dir": 89,
          "max_dhi": null,
          "clouds_hi": 89,
          "precip": 0,
          "low_temp": -2.3,
          "max_temp": -6.1,
          "moonset_ts": 1617336990,
          "datetime": "2021-04-02",
          "temp": -11.1,
          "min_temp": -12.2,
          "clouds_mid": 46,
          "clouds_low": 0
        },
        {
          "moonrise_ts": 1617398910,
          "wind_cdir": "ВЮВ",
          "rh": 87,
          "pres": 1012.5,
          "high_temp": -3,
          "sunset_ts": 1617461854,
          "ozone": 381.125,
          "moon_phase": 0.635522,
          "wind_gust_spd": 12.3203125,
          "snow_depth": 553.5,
          "clouds": 100,
          "ts": 1617390060,
          "sunrise_ts": 1617414739,
          "app_min_temp": -14.2,
          "wind_spd": 6.365938,
          "pop": 60,
          "wind_cdir_full": "Восточный-Юго-Восточный",
          "slp": 1027,
          "moon_phase_lunation": 0.69,
          "valid_date": "2021-04-03",
          "app_max_temp": -11.1,
          "vis": 12.209375,
          "dewpt": -8.3,
          "snow": 5.25,
          "uv": 1.1108348,
          "weather": {
            "icon": "s01d",
            "code": 600,
            "description": "Небольшой снег"
          },
          "wind_dir": 107,
          "max_dhi": null,
          "clouds_hi": 84,
          "precip": 0.4375,
          "low_temp": -5.9,
          "max_temp": -2.9,
          "moonset_ts": 1617425931,
          "datetime": "2021-04-03",
          "temp": -6.2,
          "min_temp": -7.4,
          "clouds_mid": 94,
          "clouds_low": 50
        },
        {
          "moonrise_ts": 1617489450,
          "wind_cdir": "ВСВ",
          "rh": 96,
          "pres": 1005.75,
          "high_temp": -0.5,
          "sunset_ts": 1617548357,
          "ozone": 440.125,
          "moon_phase": 0.520634,
          "wind_gust_spd": 5.5,
          "snow_depth": 572.3,
          "clouds": 100,
          "ts": 1617476460,
          "sunrise_ts": 1617501001,
          "app_min_temp": -8.6,
          "wind_spd": 2.3233905,
          "pop": 85,
          "wind_cdir_full": "Восточный-Северо-Восточный",
          "slp": 1020.25,
          "moon_phase_lunation": 0.73,
          "valid_date": "2021-04-04",
          "app_max_temp": -7.3,
          "vis": 1.61925,
          "dewpt": -3.1,
          "snow": 18.75,
          "uv": 1.1049439,
          "weather": {
            "icon": "s01d",
            "code": 600,
            "description": "Небольшой снег"
          },
          "wind_dir": 75,
          "max_dhi": null,
          "clouds_hi": 23,
          "precip": 1.5625,
          "low_temp": -5.9,
          "max_temp": -0.5,
          "moonset_ts": 1617515632,
          "datetime": "2021-04-04",
          "temp": -2.4,
          "min_temp": -5.9,
          "clouds_mid": 61,
          "clouds_low": 99
        },
        {
          "moonrise_ts": 1617579068,
          "wind_cdir": "ЮВ",
          "rh": 93,
          "pres": 1007.75,
          "high_temp": 0,
          "sunset_ts": 1617634860,
          "ozone": 438.375,
          "moon_phase": 0.407012,
          "wind_gust_spd": 4.4179688,
          "snow_depth": 572.3,
          "clouds": 92,
          "ts": 1617562860,
          "sunrise_ts": 1617587264,
          "app_min_temp": -7.6,
          "wind_spd": 1.9545232,
          "pop": 20,
          "wind_cdir_full": "Юго-Восточный",
          "slp": 1022.5,
          "moon_phase_lunation": 0.76,
          "valid_date": "2021-04-05",
          "app_max_temp": -7,
          "vis": 20.28,
          "dewpt": -2.9,
          "snow": 0,
          "uv": 1.4905936,
          "weather": {
            "icon": "c04d",
            "code": 804,
            "description": "Облачно"
          },
          "wind_dir": 137,
          "max_dhi": null,
          "clouds_hi": 6,
          "precip": 0.0625,
          "low_temp": -7.6,
          "max_temp": 0,
          "moonset_ts": 1617606026,
          "datetime": "2021-04-05",
          "temp": -1.9,
          "min_temp": -7.6,
          "clouds_mid": 38,
          "clouds_low": 74
        },
        {
          "moonrise_ts": 1617665468,
          "wind_cdir": "ЮЮВ",
          "rh": 90,
          "pres": 1014.5,
          "high_temp": 0.1,
          "sunset_ts": 1617721362,
          "ozone": 415.625,
          "moon_phase": 0.300628,
          "wind_gust_spd": 5.7578125,
          "snow_depth": 572.3,
          "clouds": 3,
          "ts": 1617649260,
          "sunrise_ts": 1617673527,
          "app_min_temp": -11.8,
          "wind_spd": 3.2529616,
          "pop": 0,
          "wind_cdir_full": "Юго-Юго-Восточный",
          "slp": 1029.5,
          "moon_phase_lunation": 0.79,
          "valid_date": "2021-04-06",
          "app_max_temp": -7.9,
          "vis": 24.128,
          "dewpt": -5.5,
          "snow": 0,
          "uv": 3.6587524,
          "weather": {
            "icon": "c02d",
            "code": 801,
            "description": "Преимущественно ясно"
          },
          "wind_dir": 160,
          "max_dhi": null,
          "clouds_hi": 0,
          "precip": 0,
          "low_temp": -5.5,
          "max_temp": 0.1,
          "moonset_ts": 1617696848,
          "datetime": "2021-04-06",
          "temp": -3.9,
          "min_temp": -5.5,
          "clouds_mid": 0,
          "clouds_low": 3
        }
      ],
      "city_name": "Оренбург",
      "lon": "55.0988",
      "timezone": "Asia/Yekaterinburg",
      "lat": "51.7727",
      "country_code": "RU",
      "state_code": "55"
    },
    "city_name": "Оренбург"
  },
  "main_state": {},
  "city_state": {},
  "weather_date_state": {},
  "settings_state": {}
}